{
  "tahun": [
    2018.0,
    2018.0816326530612,
    2018.1632653061224,
    2018.2448979591836,
    2018.3265306122448,
    2018.408163265306,
    2018.4897959183672,
    2018.5714285714287,
    2018.6530612244899,
    2018.734693877551,
    2018.8163265306123,
    2018.8979591836735,
    2018.9795918367347,
    2019.061224489796,
    2019.142857142857,
    2019.2244897959183,
    2019.3061224489795,
    2019.3877551020407,
    2019.469387755102,
    2019.5510204081634,
    2019.6326530612246,
    2019.7142857142858,
    2019.795918367347,
    2019.8775510204082,
    2019.9591836734694,
    2020.0408163265306,
    2020.1224489795918,
    2020.204081632653,
    2020.2857142857142,
    2020.3673469387754,
    2020.4489795918366,
    2020.530612244898,
    2020.6122448979593,
    2020.6938775510205,
    2020.7755102040817,
    2020.857142857143,
    2020.938775510204,
    2021.0204081632653,
    2021.1020408163265,
    2021.1836734693877,
    2021.265306122449,
    2021.3469387755101,
    2021.4285714285713,
    2021.5102040816328,
    2021.591836734694,
    2021.6734693877552,
    2021.7551020408164,
    2021.8367346938776,
    2021.9183673469388,
    2022.0
  ],
  "stok_beras": [
    100000.0,
    97696.21468709275,
    96137.9961269306,
    95325.43542740577,
    95258.62162679542,
    95937.64376337334,
    97362.59087541596,
    99533.55200120476,
    102450.61617900254,
    106113.87244708429,
    110523.40984373371,
    115679.31740722171,
    121581.68497897925,
    127781.80784614301,
    133182.6438625271,
    137734.25134756273,
    141436.5527781752,
    144289.47063128947,
    146292.9273838357,
    147446.84551274296,
    147751.14749493197,
    147205.75580733415,
    145810.59292687656,
    143565.58131328013,
    140470.64155125222,
    136494.8739813929,
    131453.29379696524,
    125314.91834351746,
    118079.58749729328,
    109747.1411345347,
    100317.41913148684,
    89790.2613643551,
    78165.5077094429,
    65442.99804296857,
    51622.572241166316,
    36704.07018028194,
    20687.331464857052,
    3609.017857668611,
    -13720.817365088653,
    -30970.47109320149,
    -48139.58711920723,
    -65227.809235601606,
    -82234.78123489744,
    -99160.14690963186,
    -116003.55005222329,
    -132764.63445520916,
    -149443.0439111021,
    -166038.42221238883,
    -182550.413151589,
    -198978.66052119486
  ],
  "laju_produksi": [
    377783.98,
    386709.7530612225,
    395635.5261224449,
    404561.29918366735,
    413487.07224488986,
    422412.8453061123,
    431338.6183673347,
    440264.391428582,
    449190.16448980453,
    458115.937551027,
    467041.7106122495,
    475967.4836734719,
    484893.25673469435,
    478192.4106122469,
    466282.69142857613,
    454372.97224490537,
    442463.2530612346,
    430553.53387756384,
    418643.8146938931,
    406734.0955101892,
    394824.3763265184,
    382914.65714284766,
    371004.9379591769,
    359095.21877550613,
    347185.49959183537,
    335165.8556734708,
    323036.2870204123,
    310906.71836735384,
    298777.14971429534,
    286647.5810612369,
    274518.0124081784,
    262388.44375508616,
    250258.8751020277,
    238129.3064489693,
    225999.7377959108,
    213870.16914285233,
    201740.60048979387,
    192371.26297959188,
    191282.61889795947,
    190193.97481632707,
    189105.33073469467,
    188016.68665306226,
    186928.04257142986,
    185839.39848979443,
    184750.75440816203,
    183662.11032652963,
    182573.46624489722,
    181484.82216326482,
    180396.17808163242,
    179307.534
  ],
  "laju_konsumsi": [
    410571.6209,
    410364.7212466889,
    410156.73087451066,
    409947.6497834653,
    409737.4779735529,
    409526.21544477326,
    409313.86219712644,
    409100.418230612,
    408885.8835452309,
    408670.25814098277,
    408453.5420178674,
    408235.73517588497,
    408016.83761503536,
    406830.96120957955,
    405323.81670612306,
    403817.6218603091,
    402312.37667213794,
    400808.08114160923,
    399304.7352687234,
    397802.3390534758,
    396300.89249587513,
    394800.3955959172,
    393300.8483536018,
    391802.2507689291,
    390304.602841899,
    390207.99574868794,
    391513.18838308996,
    392820.34253352694,
    394129.45819999895,
    395440.53538250603,
    396753.57408104796,
    398068.5742956285,
    399385.5360262405,
    400704.4592728874,
    402025.34403556935,
    403348.1903142863,
    404672.99810903816,
    405151.4015985008,
    403082.7159788428,
    401009.6668173272,
    398932.254113954,
    396850.4778687234,
    394764.3380816352,
    392673.8347526835,
    390578.9678818802,
    388479.7374692192,
    386376.1435147008,
    384268.18601832475,
    382155.86498009117,
    380039.18039999995
  ]
}